<?xml version="1.0" encoding="UTF-8" standalone="yes"?>
<addon id="script.launcher.steam" name="Steam" version="0.2.0" provider-name="Shrimp">
  <requires>
		<import addon="xbmc.python" version="2.1.0"/>
	</requires>
  <extension point="xbmc.python.script" library="launcher.py">
    <provides>executable</provides>
  </extension>
  <extension point="xbmc.addon.metadata">
    <summary lang="en">Launches Steam</summary>
    <description lang="en">Closes Kodi and launches Steam in Big Picture mode</description>
    <platform>linux</platform>
    <language>en</language>
    <license>LOL</license>
    <website>http://shrimpworks.za.net/</website>
    <email></email>
  </extension>
</addon>
